{"textures":{"0":"minecraft:mm/masks/head/majora"},"elements":[{"from":[13.714286,11.428572,11.142858],"to":[14.285715,12.0,11.428572],"rotation":{"angle":0.0,"axis":"y","origin":[7.142857,6.0,8.0]},"faces":{"north":{"uv":[3.8,4.4,4.2,4.4],"rotation":0,"texture":"#0","tintindex":0}}},{"from":[10.857143,11.428572,11.142858],"to":[11.428572,12.0,11.428572],"rotation":{"angle":0.0,"axis":"y","origin":[4.285714,6.0,8.0]},"faces":{"north":{"uv":[3.8,4.4,4.2,4.4],"rotation":0,"texture":"#0","tintindex":0}}}],"display":{"head":{"translation":[0.0,-6.4,0.0],"scale":[4.0,4.0,4.0]}}}