{"textures":{"0":"modelengine:entity/goron drums 80x80 v1 texture"},"elements":[{"from":[12.571302,8.584677,13.119708],"to":[17.14273,9.156105,17.691135],"rotation":{"angle":0.0,"axis":"y","origin":[10.285587,4.0132475,10.833994]},"faces":{"east":{"uv":[14.0,0.2,15.6,12.4],"rotation":270,"texture":"#0","tintindex":0},"south":{"uv":[14.0,0.2,15.6,12.4],"rotation":270,"texture":"#0","tintindex":0},"north":{"uv":[14.0,0.2,15.6,12.4],"rotation":270,"texture":"#0","tintindex":0},"west":{"uv":[14.0,0.2,15.6,12.4],"rotation":270,"texture":"#0","tintindex":0},"up":{"uv":[0.6,9.2,7.0,15.6],"rotation":0,"texture":"#0","tintindex":0},"down":{"uv":[0.0,0.0,1.0,1.0],"rotation":0,"texture":"#missing","tintindex":0}}},{"from":[12.571302,6.870391,13.119708],"to":[17.14273,8.584677,17.691135],"rotation":{"angle":0.0,"axis":"y","origin":[10.285587,4.0132475,10.833994]},"faces":{"east":{"uv":[7.6,14.6,8.0,15.8],"rotation":0,"texture":"#0","tintindex":0},"south":{"uv":[7.6,14.6,8.0,15.8],"rotation":0,"texture":"#0","tintindex":0},"north":{"uv":[7.6,14.6,8.0,15.8],"rotation":0,"texture":"#0","tintindex":0},"west":{"uv":[7.6,14.6,8.0,15.8],"rotation":0,"texture":"#0","tintindex":0},"up":{"uv":[0.0,0.0,1.0,1.0],"rotation":0,"texture":"#missing","tintindex":0}}},{"from":[14.906515,4.0132475,12.235906],"to":[14.934515,6.870391,18.521626],"rotation":{"angle":45.0,"axis":"y","origin":[14.920801,5.441819,15.468399]},"faces":{"east":{"uv":[0.6,0.6,13.6,8.6],"rotation":0,"texture":"#0","tintindex":0},"west":{"uv":[0.6,0.6,13.6,8.6],"rotation":0,"texture":"#0","tintindex":0}}},{"from":[11.714156,4.0132475,15.391137],"to":[17.999876,6.870391,15.419708],"rotation":{"angle":45.0,"axis":"y","origin":[14.857016,5.441819,15.405422]},"faces":{"south":{"uv":[0.6,0.6,13.6,8.6],"rotation":0,"texture":"#0","tintindex":0},"north":{"uv":[0.6,0.6,13.6,8.6],"rotation":0,"texture":"#0","tintindex":0}}}],"display":{"head":{"translation":[0.0,-6.4,0.0],"scale":[4.0,4.0,4.0]}}}