{"textures":{"0":"modelengine:entity/goron drums 80x80 v1 texture"},"elements":[{"from":[20.0864,1.0231838,15.412835],"to":[20.135399,6.023184,26.412842],"faces":{"east":{"uv":[0.6,0.6,13.6,8.6],"tintindex":0,"rotation":0,"texture":"#0"},"west":{"uv":[0.6,0.6,13.6,8.6],"tintindex":0,"rotation":0,"texture":"#0"}},"rotation":{"origin":[20.1114,3.5231838,21.069698],"angle":45.0,"axis":"y"}},{"from":[14.499774,1.0231838,20.93449],"to":[25.499783,6.023184,20.98449],"faces":{"south":{"uv":[0.6,0.6,13.6,8.6],"tintindex":0,"rotation":0,"texture":"#0"},"north":{"uv":[0.6,0.6,13.6,8.6],"tintindex":0,"rotation":0,"texture":"#0"}},"rotation":{"origin":[19.999779,3.5231838,20.959488],"angle":45.0,"axis":"y"}},{"from":[15.999778,9.023184,16.959488],"to":[23.999779,10.023184,24.959488],"faces":{"east":{"uv":[14.0,0.2,15.6,12.4],"tintindex":0,"rotation":270,"texture":"#0"},"south":{"uv":[14.0,0.2,15.6,12.4],"tintindex":0,"rotation":270,"texture":"#0"},"north":{"uv":[14.0,0.2,15.6,12.4],"tintindex":0,"rotation":270,"texture":"#0"},"west":{"uv":[14.0,0.2,15.6,12.4],"tintindex":0,"rotation":270,"texture":"#0"},"up":{"uv":[0.6,9.2,7.0,15.6],"tintindex":0,"rotation":0,"texture":"#0"}}},{"from":[15.999778,6.023184,16.959488],"to":[23.999779,9.023184,24.959488],"faces":{"east":{"uv":[7.6,14.6,8.0,15.8],"tintindex":0,"rotation":0,"texture":"#0"},"south":{"uv":[7.6,14.6,8.0,15.8],"tintindex":0,"rotation":0,"texture":"#0"},"north":{"uv":[7.6,14.6,8.0,15.8],"tintindex":0,"rotation":0,"texture":"#0"},"west":{"uv":[7.6,14.6,8.0,15.8],"tintindex":0,"rotation":0,"texture":"#0"}}}],"display":{"gui":{"rotation":[30,225,0]}}}