{"textures":{"0":"modelengine:entity/goron drums 80x80 v1 texture"},"elements":[{"from":[5.7141585,8.298963,9.119708],"to":[10.285587,8.870391,13.691137],"rotation":{"angle":0.0,"axis":"y","origin":[3.4284444,3.7275333,6.8339934]},"faces":{"east":{"uv":[14.0,0.2,15.6,12.4],"rotation":270,"texture":"#0","tintindex":0},"south":{"uv":[14.0,0.2,15.6,12.4],"rotation":270,"texture":"#0","tintindex":0},"north":{"uv":[14.0,0.2,15.6,12.4],"rotation":270,"texture":"#0","tintindex":0},"west":{"uv":[14.0,0.2,15.6,12.4],"rotation":270,"texture":"#0","tintindex":0},"up":{"uv":[0.6,9.2,7.0,15.6],"rotation":0,"texture":"#0","tintindex":0},"down":{"uv":[0.0,0.0,1.0,1.0],"rotation":0,"texture":"#missing","tintindex":0}}},{"from":[5.7141585,6.5846763,9.119708],"to":[10.285587,8.298963,13.691137],"rotation":{"angle":0.0,"axis":"y","origin":[3.4284444,3.7275333,6.8339934]},"faces":{"east":{"uv":[7.6,14.6,8.0,15.8],"rotation":0,"texture":"#0","tintindex":0},"south":{"uv":[7.6,14.6,8.0,15.8],"rotation":0,"texture":"#0","tintindex":0},"north":{"uv":[7.6,14.6,8.0,15.8],"rotation":0,"texture":"#0","tintindex":0},"west":{"uv":[7.6,14.6,8.0,15.8],"rotation":0,"texture":"#0","tintindex":0},"up":{"uv":[0.0,0.0,1.0,1.0],"rotation":0,"texture":"#missing","tintindex":0}}},{"from":[8.049372,3.7275333,8.235906],"to":[8.077372,6.5846763,14.521625],"rotation":{"angle":45.0,"axis":"y","origin":[8.063658,5.156105,11.468399]},"faces":{"east":{"uv":[0.6,0.6,13.6,8.6],"rotation":0,"texture":"#0","tintindex":0},"west":{"uv":[0.6,0.6,13.6,8.6],"rotation":0,"texture":"#0","tintindex":0}}},{"from":[4.857013,3.7275333,11.391136],"to":[11.142733,6.5846763,11.419708],"rotation":{"angle":45.0,"axis":"y","origin":[7.999873,5.156105,11.405422]},"faces":{"south":{"uv":[0.6,0.6,13.6,8.6],"rotation":0,"texture":"#0","tintindex":0},"north":{"uv":[0.6,0.6,13.6,8.6],"rotation":0,"texture":"#0","tintindex":0}}}],"display":{"head":{"translation":[0.0,-6.4,0.0],"scale":[4.0,4.0,4.0]}}}