{"textures":{"0":"modelengine:entity/goron drums 80x80 v1 texture"},"elements":[{"from":[8.086401,0.5231838,8.412834],"to":[8.135401,5.523184,19.412842],"faces":{"east":{"uv":[0.6,0.6,13.6,8.6],"tintindex":0,"rotation":0,"texture":"#0"},"west":{"uv":[0.6,0.6,13.6,8.6],"tintindex":0,"rotation":0,"texture":"#0"}},"rotation":{"origin":[8.111401,3.0231838,14.069697],"angle":45.0,"axis":"y"}},{"from":[2.4997735,0.5231838,13.934488],"to":[13.499782,5.523184,13.9844885],"faces":{"south":{"uv":[0.6,0.6,13.6,8.6],"tintindex":0,"rotation":0,"texture":"#0"},"north":{"uv":[0.6,0.6,13.6,8.6],"tintindex":0,"rotation":0,"texture":"#0"}},"rotation":{"origin":[7.999778,3.0231838,13.959489],"angle":45.0,"axis":"y"}},{"from":[3.9997778,8.523184,9.959489],"to":[11.999778,9.523184,17.959488],"faces":{"east":{"uv":[14.0,0.2,15.6,12.4],"tintindex":0,"rotation":270,"texture":"#0"},"south":{"uv":[14.0,0.2,15.6,12.4],"tintindex":0,"rotation":270,"texture":"#0"},"north":{"uv":[14.0,0.2,15.6,12.4],"tintindex":0,"rotation":270,"texture":"#0"},"west":{"uv":[14.0,0.2,15.6,12.4],"tintindex":0,"rotation":270,"texture":"#0"},"up":{"uv":[0.6,9.2,7.0,15.6],"tintindex":0,"rotation":0,"texture":"#0"}}},{"from":[3.9997778,5.523184,9.959489],"to":[11.999778,8.523184,17.959488],"faces":{"east":{"uv":[7.6,14.6,8.0,15.8],"tintindex":0,"rotation":0,"texture":"#0"},"south":{"uv":[7.6,14.6,8.0,15.8],"tintindex":0,"rotation":0,"texture":"#0"},"north":{"uv":[7.6,14.6,8.0,15.8],"tintindex":0,"rotation":0,"texture":"#0"},"west":{"uv":[7.6,14.6,8.0,15.8],"tintindex":0,"rotation":0,"texture":"#0"}}}],"display":{"gui":{"rotation":[30,225,0]}}}