{"textures":{"0":"modelengine:entity/goron drums 80x80 v1 texture"},"elements":[{"from":[3.7997732,0.5231838,14.934489],"to":[12.199781,5.523184,14.9844885],"faces":{"south":{"uv":[0.6,0.6,13.6,8.6],"tintindex":0,"rotation":0,"texture":"#0"},"north":{"uv":[0.6,0.6,13.6,8.6],"tintindex":0,"rotation":0,"texture":"#0"}},"rotation":{"origin":[7.999778,3.0231838,14.959489],"angle":45.0,"axis":"y"}},{"from":[4.999778,5.523184,11.959489],"to":[10.999778,8.523184,17.959488],"faces":{"east":{"uv":[7.6,14.6,8.0,15.8],"tintindex":0,"rotation":0,"texture":"#0"},"south":{"uv":[7.6,14.6,8.0,15.8],"tintindex":0,"rotation":0,"texture":"#0"},"north":{"uv":[7.6,14.6,8.0,15.8],"tintindex":0,"rotation":0,"texture":"#0"},"west":{"uv":[7.6,14.6,8.0,15.8],"tintindex":0,"rotation":0,"texture":"#0"}}},{"from":[8.086401,0.5231838,10.712835],"to":[8.135401,5.523184,19.112843],"faces":{"east":{"uv":[0.6,0.6,13.6,8.6],"tintindex":0,"rotation":0,"texture":"#0"},"west":{"uv":[0.6,0.6,13.6,8.6],"tintindex":0,"rotation":0,"texture":"#0"}},"rotation":{"origin":[8.111401,3.0231838,15.069697],"angle":45.0,"axis":"y"}},{"from":[4.999778,8.523184,11.959489],"to":[10.999778,9.523184,17.959488],"faces":{"east":{"uv":[14.0,1.8,15.6,10.8],"tintindex":0,"rotation":270,"texture":"#0"},"south":{"uv":[14.0,1.8,15.6,10.8],"tintindex":0,"rotation":270,"texture":"#0"},"north":{"uv":[14.0,1.8,15.6,10.8],"tintindex":0,"rotation":270,"texture":"#0"},"west":{"uv":[14.0,1.8,15.6,10.8],"tintindex":0,"rotation":270,"texture":"#0"},"up":{"uv":[0.6,9.2,7.0,15.6],"tintindex":0,"rotation":0,"texture":"#0"}}}],"display":{"gui":{"rotation":[30,225,0]}}}