{"textures":{"0":"modelengine:entity/goron drums 80x80 v1 texture"},"elements":[{"from":[-1.1429853,8.584677,13.119708],"to":[3.4284444,9.156105,17.691135],"rotation":{"angle":0.0,"axis":"y","origin":[-3.4286995,4.0132475,10.833994]},"faces":{"east":{"uv":[14.0,0.2,15.6,12.4],"rotation":270,"texture":"#0","tintindex":0},"south":{"uv":[14.0,0.2,15.6,12.4],"rotation":270,"texture":"#0","tintindex":0},"north":{"uv":[14.0,0.2,15.6,12.4],"rotation":270,"texture":"#0","tintindex":0},"west":{"uv":[14.0,0.2,15.6,12.4],"rotation":270,"texture":"#0","tintindex":0},"up":{"uv":[0.6,9.2,7.0,15.6],"rotation":0,"texture":"#0","tintindex":0},"down":{"uv":[0.0,0.0,1.0,1.0],"rotation":0,"texture":"#missing","tintindex":0}}},{"from":[-1.1429853,6.870391,13.119708],"to":[3.4284444,8.584677,17.691135],"rotation":{"angle":0.0,"axis":"y","origin":[-3.4286995,4.0132475,10.833994]},"faces":{"east":{"uv":[7.6,14.6,8.0,15.8],"rotation":0,"texture":"#0","tintindex":0},"south":{"uv":[7.6,14.6,8.0,15.8],"rotation":0,"texture":"#0","tintindex":0},"north":{"uv":[7.6,14.6,8.0,15.8],"rotation":0,"texture":"#0","tintindex":0},"west":{"uv":[7.6,14.6,8.0,15.8],"rotation":0,"texture":"#0","tintindex":0},"up":{"uv":[0.0,0.0,1.0,1.0],"rotation":0,"texture":"#missing","tintindex":0}}},{"from":[1.1922288,4.0132475,12.235906],"to":[1.2202287,6.870391,18.521626],"rotation":{"angle":45.0,"axis":"y","origin":[1.2065144,5.441819,15.468399]},"faces":{"east":{"uv":[0.6,0.6,13.6,8.6],"rotation":0,"texture":"#0","tintindex":0},"west":{"uv":[0.6,0.6,13.6,8.6],"rotation":0,"texture":"#0","tintindex":0}}},{"from":[-2.0001297,4.0132475,15.391137],"to":[4.2855897,6.870391,15.419708],"rotation":{"angle":45.0,"axis":"y","origin":[1.1427298,5.441819,15.405422]},"faces":{"south":{"uv":[0.6,0.6,13.6,8.6],"rotation":0,"texture":"#0","tintindex":0},"north":{"uv":[0.6,0.6,13.6,8.6],"rotation":0,"texture":"#0","tintindex":0}}}],"display":{"head":{"translation":[0.0,-6.4,0.0],"scale":[4.0,4.0,4.0]}}}