{"textures":{"0":"modelengine:entity/goron drums 80x80 v1 texture"},"elements":[{"from":[6.2855873,8.298963,10.262566],"to":[9.714159,8.870391,13.691137],"rotation":{"angle":0.0,"axis":"y","origin":[3.4284444,3.7275333,7.405422]},"faces":{"east":{"uv":[14.0,1.8,15.6,10.8],"rotation":270,"texture":"#0","tintindex":0},"south":{"uv":[14.0,1.8,15.6,10.8],"rotation":270,"texture":"#0","tintindex":0},"north":{"uv":[14.0,1.8,15.6,10.8],"rotation":270,"texture":"#0","tintindex":0},"west":{"uv":[14.0,1.8,15.6,10.8],"rotation":270,"texture":"#0","tintindex":0},"up":{"uv":[0.6,9.2,7.0,15.6],"rotation":0,"texture":"#0","tintindex":0},"down":{"uv":[0.0,0.0,1.0,1.0],"rotation":0,"texture":"#missing","tintindex":0}}},{"from":[6.2855873,6.5846763,10.262566],"to":[9.714159,8.298963,13.691137],"rotation":{"angle":0.0,"axis":"y","origin":[3.4284444,3.7275333,7.405422]},"faces":{"east":{"uv":[7.6,14.6,8.0,15.8],"rotation":0,"texture":"#0","tintindex":0},"south":{"uv":[7.6,14.6,8.0,15.8],"rotation":0,"texture":"#0","tintindex":0},"north":{"uv":[7.6,14.6,8.0,15.8],"rotation":0,"texture":"#0","tintindex":0},"west":{"uv":[7.6,14.6,8.0,15.8],"rotation":0,"texture":"#0","tintindex":0},"up":{"uv":[0.0,0.0,1.0,1.0],"rotation":0,"texture":"#missing","tintindex":0}}},{"from":[8.049372,3.7275333,9.550191],"to":[8.077372,6.5846763,14.350197],"rotation":{"angle":45.0,"axis":"y","origin":[8.063658,5.156105,12.039827]},"faces":{"east":{"uv":[0.6,0.6,13.6,8.6],"rotation":0,"texture":"#0","tintindex":0},"west":{"uv":[0.6,0.6,13.6,8.6],"rotation":0,"texture":"#0","tintindex":0}}},{"from":[5.5998707,3.7275333,11.962565],"to":[10.399876,6.5846763,11.991137],"rotation":{"angle":45.0,"axis":"y","origin":[7.999873,5.156105,11.9768505]},"faces":{"south":{"uv":[0.6,0.6,13.6,8.6],"rotation":0,"texture":"#0","tintindex":0},"north":{"uv":[0.6,0.6,13.6,8.6],"rotation":0,"texture":"#0","tintindex":0}}}],"display":{"head":{"translation":[0.0,-6.4,0.0],"scale":[4.0,4.0,4.0]}}}