{"textures":{"0":"modelengine:entity/goron drums 80x80 v1 texture"},"elements":[{"from":[-9.500225,1.0231838,20.93449],"to":[1.4997821,6.023184,20.98449],"faces":{"south":{"uv":[0.6,0.6,13.6,8.6],"tintindex":0,"rotation":0,"texture":"#0"},"north":{"uv":[0.6,0.6,13.6,8.6],"tintindex":0,"rotation":0,"texture":"#0"}},"rotation":{"origin":[-4.000222,3.5231838,20.959488],"angle":45.0,"axis":"y"}},{"from":[-8.000221,6.023184,16.959488],"to":[-2.2220612E-4,9.023184,24.959488],"faces":{"east":{"uv":[7.6,14.6,8.0,15.8],"tintindex":0,"rotation":0,"texture":"#0"},"south":{"uv":[7.6,14.6,8.0,15.8],"tintindex":0,"rotation":0,"texture":"#0"},"north":{"uv":[7.6,14.6,8.0,15.8],"tintindex":0,"rotation":0,"texture":"#0"},"west":{"uv":[7.6,14.6,8.0,15.8],"tintindex":0,"rotation":0,"texture":"#0"}}},{"from":[-3.913599,1.0231838,15.412835],"to":[-3.8645992,6.023184,26.412842],"faces":{"east":{"uv":[0.6,0.6,13.6,8.6],"tintindex":0,"rotation":0,"texture":"#0"},"west":{"uv":[0.6,0.6,13.6,8.6],"tintindex":0,"rotation":0,"texture":"#0"}},"rotation":{"origin":[-3.8885994,3.5231838,21.069698],"angle":45.0,"axis":"y"}},{"from":[-8.000221,9.023184,16.959488],"to":[-2.2220612E-4,10.023184,24.959488],"faces":{"east":{"uv":[14.0,0.2,15.6,12.4],"tintindex":0,"rotation":270,"texture":"#0"},"south":{"uv":[14.0,0.2,15.6,12.4],"tintindex":0,"rotation":270,"texture":"#0"},"north":{"uv":[14.0,0.2,15.6,12.4],"tintindex":0,"rotation":270,"texture":"#0"},"west":{"uv":[14.0,0.2,15.6,12.4],"tintindex":0,"rotation":270,"texture":"#0"},"up":{"uv":[0.6,9.2,7.0,15.6],"tintindex":0,"rotation":0,"texture":"#0"}}}],"display":{"gui":{"rotation":[30,225,0]}}}