{"textures":{"0":"modelengine:entity/happy"},"elements":[{"from":[5.325,14.325001,6.475],"to":[5.675,14.674999,6.475],"faces":{"north":{"uv":[0.375,13.5,0.5,13.625],"tintindex":0,"rotation":270,"texture":"#0"}}},{"from":[10.325,14.325001,6.475],"to":[10.675,14.674999,6.475],"faces":{"north":{"uv":[0.375,13.5,0.5,13.625],"tintindex":0,"rotation":270,"texture":"#0"}}}],"display":{"gui":{"rotation":[30,225,0]}}}