{"textures":{"0":"modelengine:entity/happy"},"elements":[{"from":[8.571428,10.857143,7.142857],"to":[10.285714,12.571428,7.428571],"rotation":{"angle":0.0,"axis":"y","origin":[3.4285712,8.0,4.0]},"faces":{"east":{"uv":[0.5,13.625,0.625,13.75],"rotation":0,"texture":"#0","tintindex":0},"north":{"uv":[0.5,14.375,1.25,13.625],"rotation":0,"texture":"#0","tintindex":0},"west":{"uv":[0.5,13.625,0.625,13.75],"rotation":0,"texture":"#0","tintindex":0},"up":{"uv":[0.5,13.625,0.625,13.75],"rotation":0,"texture":"#0","tintindex":0},"down":{"uv":[0.5,13.625,0.625,13.75],"rotation":0,"texture":"#0","tintindex":0}}},{"from":[5.714286,10.857143,7.142857],"to":[7.428571,12.571428,7.428571],"rotation":{"angle":0.0,"axis":"y","origin":[3.4285712,8.0,4.0]},"faces":{"east":{"uv":[0.5,13.625,0.625,13.75],"rotation":0,"texture":"#0","tintindex":0},"north":{"uv":[0.5,14.375,1.25,13.625],"rotation":0,"texture":"#0","tintindex":0},"west":{"uv":[0.5,13.625,0.625,13.75],"rotation":0,"texture":"#0","tintindex":0},"up":{"uv":[0.5,13.625,0.625,13.75],"rotation":0,"texture":"#0","tintindex":0},"down":{"uv":[0.5,13.625,0.625,13.75],"rotation":0,"texture":"#0","tintindex":0}}}],"display":{"head":{"translation":[0.0,-6.4,0.0],"scale":[4.0,4.0,4.0]}}}