{"textures":{"0":"modelengine:entity/happy"},"elements":[{"from":[8.857143,12.142858,15.714286],"to":[12.285715,15.571428,16.285715],"rotation":{"angle":0.0,"axis":"y","origin":[12.875166,13.701424,13.756304]},"faces":{"east":{"uv":[6.25,10.75,6.375,11.5],"rotation":0,"texture":"#0","tintindex":0},"south":{"uv":[7.25,10.75,8.0,11.5],"rotation":0,"texture":"#0","tintindex":0},"north":{"uv":[6.375,10.75,7.125,11.5],"rotation":0,"texture":"#0","tintindex":0},"west":{"uv":[7.125,10.75,7.25,11.5],"rotation":0,"texture":"#0","tintindex":0},"up":{"uv":[7.125,10.75,6.375,10.625],"rotation":0,"texture":"#0","tintindex":0},"down":{"uv":[7.875,10.625,7.125,10.75],"rotation":0,"texture":"#0","tintindex":0}}},{"from":[13.0,12.714286,15.714286],"to":[16.428572,16.142857,16.285715],"rotation":{"angle":0.0,"axis":"y","origin":[12.875166,13.701424,13.756304]},"faces":{"east":{"uv":[5.25,12.25,5.375,13.0],"rotation":0,"texture":"#0","tintindex":0},"south":{"uv":[6.25,12.25,7.0,13.0],"rotation":0,"texture":"#0","tintindex":0},"north":{"uv":[5.375,12.25,6.125,13.0],"rotation":0,"texture":"#0","tintindex":0},"west":{"uv":[6.125,12.25,6.25,13.0],"rotation":0,"texture":"#0","tintindex":0},"up":{"uv":[6.125,12.25,5.375,12.125],"rotation":0,"texture":"#0","tintindex":0},"down":{"uv":[6.875,12.125,6.125,12.25],"rotation":0,"texture":"#0","tintindex":0}}},{"from":[12.142858,16.428572,15.285715],"to":[15.571428,19.857143,15.857143],"rotation":{"angle":0.0,"axis":"y","origin":[12.875166,13.701424,13.756304]},"faces":{"east":{"uv":[3.5,12.25,3.625,13.0],"rotation":0,"texture":"#0","tintindex":0},"south":{"uv":[4.5,12.25,5.25,13.0],"rotation":0,"texture":"#0","tintindex":0},"north":{"uv":[3.625,12.25,4.375,13.0],"rotation":0,"texture":"#0","tintindex":0},"west":{"uv":[4.375,12.25,4.5,13.0],"rotation":0,"texture":"#0","tintindex":0},"up":{"uv":[4.375,12.25,3.625,12.125],"rotation":0,"texture":"#0","tintindex":0},"down":{"uv":[5.125,12.125,4.375,12.25],"rotation":0,"texture":"#0","tintindex":0}}},{"from":[16.0,15.142858,12.0],"to":[16.57143,18.57143,15.428572],"rotation":{"angle":0.0,"axis":"y","origin":[12.875166,13.701424,13.756304]},"faces":{"east":{"uv":[2.75,11.375,3.5,12.125],"rotation":0,"texture":"#0","tintindex":0},"south":{"uv":[4.375,11.375,4.5,12.125],"rotation":0,"texture":"#0","tintindex":0},"north":{"uv":[3.5,11.375,3.625,12.125],"rotation":0,"texture":"#0","tintindex":0},"west":{"uv":[3.625,11.375,4.375,12.125],"rotation":0,"texture":"#0","tintindex":0},"up":{"uv":[3.625,11.375,3.5,10.625],"rotation":0,"texture":"#0","tintindex":0},"down":{"uv":[3.75,10.625,3.625,11.375],"rotation":0,"texture":"#0","tintindex":0}}},{"from":[15.714286,11.142858,11.428572],"to":[16.285715,14.571428,14.857143],"rotation":{"angle":0.0,"axis":"y","origin":[12.875166,13.701424,13.756304]},"faces":{"east":{"uv":[4.5,11.375,5.25,12.125],"rotation":0,"texture":"#0","tintindex":0},"south":{"uv":[6.125,11.375,6.25,12.125],"rotation":0,"texture":"#0","tintindex":0},"north":{"uv":[5.25,11.375,5.375,12.125],"rotation":0,"texture":"#0","tintindex":0},"west":{"uv":[5.375,11.375,6.125,12.125],"rotation":0,"texture":"#0","tintindex":0},"up":{"uv":[5.375,11.375,5.25,10.625],"rotation":0,"texture":"#0","tintindex":0},"down":{"uv":[5.5,10.625,5.375,11.375],"rotation":0,"texture":"#0","tintindex":0}}},{"from":[16.0,7.428571,12.285715],"to":[16.57143,10.857143,15.714286],"rotation":{"angle":0.0,"axis":"y","origin":[12.875166,13.701424,13.756304]},"faces":{"east":{"uv":[5.25,6.75,6.0,7.5],"rotation":0,"texture":"#0","tintindex":0},"south":{"uv":[6.875,6.75,7.0,7.5],"rotation":0,"texture":"#0","tintindex":0},"north":{"uv":[6.0,6.75,6.125,7.5],"rotation":0,"texture":"#0","tintindex":0},"west":{"uv":[6.125,6.75,6.875,7.5],"rotation":0,"texture":"#0","tintindex":0},"up":{"uv":[6.125,6.75,6.0,6.0],"rotation":0,"texture":"#0","tintindex":0},"down":{"uv":[6.25,6.0,6.125,6.75],"rotation":0,"texture":"#0","tintindex":0}}},{"from":[12.285715,16.285715,11.285714],"to":[15.714286,19.714287,11.857143],"rotation":{"angle":0.0,"axis":"y","origin":[12.875166,13.701424,13.756304]},"faces":{"east":{"uv":[1.75,12.25,1.875,13.0],"rotation":0,"texture":"#0","tintindex":0},"south":{"uv":[2.75,12.25,3.5,13.0],"rotation":0,"texture":"#0","tintindex":0},"north":{"uv":[1.875,12.25,2.625,13.0],"rotation":0,"texture":"#0","tintindex":0},"west":{"uv":[2.625,12.25,2.75,13.0],"rotation":0,"texture":"#0","tintindex":0},"up":{"uv":[2.625,12.25,1.875,12.125],"rotation":0,"texture":"#0","tintindex":0},"down":{"uv":[3.375,12.125,2.625,12.25],"rotation":0,"texture":"#0","tintindex":0}}},{"from":[8.548572,14.857143,11.285714],"to":[9.12,18.285715,14.714286],"rotation":{"angle":0.0,"axis":"y","origin":[8.834286,16.57143,13.0]},"faces":{"east":{"uv":[0.0,10.625,0.75,11.375],"rotation":0,"texture":"#0","tintindex":0},"south":{"uv":[1.625,10.625,1.75,11.375],"rotation":0,"texture":"#0","tintindex":0},"north":{"uv":[0.75,10.625,0.875,11.375],"rotation":0,"texture":"#0","tintindex":0},"west":{"uv":[0.875,10.625,1.625,11.375],"rotation":0,"texture":"#0","tintindex":0},"up":{"uv":[0.875,10.625,0.75,9.875],"rotation":0,"texture":"#0","tintindex":0},"down":{"uv":[1.0,9.875,0.875,10.625],"rotation":0,"texture":"#0","tintindex":0}}},{"from":[8.857143,11.142858,12.0],"to":[9.428572,14.571428,15.428572],"rotation":{"angle":0.0,"axis":"y","origin":[12.875166,13.701424,13.756304]},"faces":{"east":{"uv":[1.75,10.625,2.5,11.375],"rotation":0,"texture":"#0","tintindex":0},"south":{"uv":[3.375,10.625,3.5,11.375],"rotation":0,"texture":"#0","tintindex":0},"north":{"uv":[2.5,10.625,2.625,11.375],"rotation":0,"texture":"#0","tintindex":0},"west":{"uv":[2.625,10.625,3.375,11.375],"rotation":0,"texture":"#0","tintindex":0},"up":{"uv":[2.625,10.625,2.5,9.875],"rotation":0,"texture":"#0","tintindex":0},"down":{"uv":[2.75,9.875,2.625,10.625],"rotation":0,"texture":"#0","tintindex":0}}},{"from":[8.571428,7.5714283,11.142858],"to":[9.142858,11.0,14.571428],"rotation":{"angle":0.0,"axis":"y","origin":[12.875166,13.701424,13.756304]},"faces":{"east":{"uv":[4.25,7.875,5.0,8.625],"rotation":0,"texture":"#0","tintindex":0},"south":{"uv":[5.875,7.875,6.0,8.625],"rotation":0,"texture":"#0","tintindex":0},"north":{"uv":[5.0,7.875,5.125,8.625],"rotation":0,"texture":"#0","tintindex":0},"west":{"uv":[5.125,7.875,5.875,8.625],"rotation":0,"texture":"#0","tintindex":0},"up":{"uv":[5.125,7.875,5.0,7.125],"rotation":0,"texture":"#0","tintindex":0},"down":{"uv":[5.25,7.125,5.125,7.875],"rotation":0,"texture":"#0","tintindex":0}}}],"display":{"head":{"translation":[0.0,-6.4,0.0],"scale":[4.0,4.0,4.0]}}}