{"textures":{"0":"modelengine:entity/texture"},"elements":[{"from":[9.328571,11.614285,7.1285715],"to":[9.528571,11.814286,7.1285715],"rotation":{"angle":0.0,"axis":"y","origin":[9.3714285,11.514286,6.857143]},"faces":{"north":{"uv":[5.0,6.5,5.5,7.0],"rotation":270,"texture":"#0","tintindex":0}}},{"from":[6.4714284,11.614285,7.1285715],"to":[6.6714287,11.814286,7.1285715],"rotation":{"angle":0.0,"axis":"y","origin":[6.5142856,11.514286,6.857143]},"faces":{"north":{"uv":[5.0,6.5,5.5,7.0],"rotation":270,"texture":"#0","tintindex":0}}}],"display":{"head":{"translation":[0.0,-6.4,0.0],"scale":[4.0,4.0,4.0]}}}