{"textures":{"0":"modelengine:entity/texture"},"elements":[{"from":[14.496771,4.1453066,20.993523],"to":[16.496769,14.145307,22.993523],"faces":{"east":{"uv":[3.5,7.125,4.0,9.625],"tintindex":0,"rotation":0,"texture":"#0"},"south":{"uv":[5.0,7.125,5.5,9.625],"tintindex":0,"rotation":0,"texture":"#0"},"north":{"uv":[4.0,7.125,4.5,9.625],"tintindex":0,"rotation":0,"texture":"#0"},"west":{"uv":[4.5,7.125,5.0,9.625],"tintindex":0,"rotation":0,"texture":"#0"},"up":{"uv":[4.5,7.125,4.0,6.625],"tintindex":0,"rotation":0,"texture":"#0"},"down":{"uv":[5.0,6.625,4.5,7.125],"tintindex":0,"rotation":0,"texture":"#0"}},"rotation":{"origin":[16.496769,4.1453066,21.993523],"angle":-45.0,"axis":"z"}},{"from":[14.496771,-3.8546934,20.993523],"to":[16.496769,8.145307,22.993523],"faces":{"east":{"uv":[12.0,10.0,12.5,13.0],"tintindex":0,"rotation":0,"texture":"#0"},"south":{"uv":[13.5,10.0,14.0,13.0],"tintindex":0,"rotation":0,"texture":"#0"},"north":{"uv":[12.5,10.0,13.0,13.0],"tintindex":0,"rotation":0,"texture":"#0"},"west":{"uv":[13.0,10.0,13.5,13.0],"tintindex":0,"rotation":0,"texture":"#0"},"up":{"uv":[13.0,10.0,12.5,9.5],"tintindex":0,"rotation":0,"texture":"#0"},"down":{"uv":[13.5,9.5,13.0,10.0],"tintindex":0,"rotation":0,"texture":"#0"}},"rotation":{"origin":[16.496769,-3.8546934,21.993523],"angle":-45.0,"axis":"z"}},{"from":[13.789663,12.438199,15.993523],"to":[15.789663,14.438199,20.993523],"faces":{"east":{"uv":[5.875,11.625,7.125,12.125],"tintindex":0,"rotation":0,"texture":"#0"},"south":{"uv":[8.875,11.625,9.375,12.125],"tintindex":0,"rotation":0,"texture":"#0"},"north":{"uv":[7.125,11.625,7.625,12.125],"tintindex":0,"rotation":0,"texture":"#0"},"west":{"uv":[7.625,11.625,8.875,12.125],"tintindex":0,"rotation":0,"texture":"#0"},"up":{"uv":[7.625,11.625,7.125,10.375],"tintindex":0,"rotation":0,"texture":"#0"},"down":{"uv":[8.125,10.375,7.625,11.625],"tintindex":0,"rotation":0,"texture":"#0"}},"rotation":{"origin":[15.789663,3.4382,16.993523],"angle":-45.0,"axis":"z"}},{"from":[14.496771,-6.8546934,17.993523],"to":[16.496769,-4.8546934,20.993523],"faces":{"east":{"uv":[10.5,14.0,11.25,14.5],"tintindex":0,"rotation":0,"texture":"#0"},"south":{"uv":[12.5,14.0,13.0,14.5],"tintindex":0,"rotation":0,"texture":"#0"},"north":{"uv":[11.25,14.0,11.75,14.5],"tintindex":0,"rotation":0,"texture":"#0"},"west":{"uv":[11.75,14.0,12.5,14.5],"tintindex":0,"rotation":0,"texture":"#0"},"up":{"uv":[11.75,14.0,11.25,13.25],"tintindex":0,"rotation":0,"texture":"#0"},"down":{"uv":[12.25,13.25,11.75,14.0],"tintindex":0,"rotation":0,"texture":"#0"}}},{"from":[13.789663,5.852413,15.993523],"to":[15.789663,7.852413,20.993523],"faces":{"east":{"uv":[8.875,11.625,7.625,12.125],"tintindex":0,"rotation":0,"texture":"#0"},"south":{"uv":[9.375,11.625,8.875,12.125],"tintindex":0,"rotation":0,"texture":"#0"},"north":{"uv":[7.625,11.625,7.125,12.125],"tintindex":0,"rotation":0,"texture":"#0"},"west":{"uv":[7.125,11.625,5.875,12.125],"tintindex":0,"rotation":0,"texture":"#0"},"up":{"uv":[7.125,11.625,7.625,10.375],"tintindex":0,"rotation":0,"texture":"#0"},"down":{"uv":[7.625,10.375,8.125,11.625],"tintindex":0,"rotation":0,"texture":"#0"}},"rotation":{"origin":[13.789663,-3.1475868,16.993523],"angle":45.0,"axis":"z"}},{"from":[14.496771,-3.8546934,20.993523],"to":[16.496769,8.145307,22.993523],"faces":{"east":{"uv":[13.5,10.0,13.0,13.0],"tintindex":0,"rotation":0,"texture":"#0"},"south":{"uv":[14.0,10.0,13.5,13.0],"tintindex":0,"rotation":0,"texture":"#0"},"north":{"uv":[13.0,10.0,12.5,13.0],"tintindex":0,"rotation":0,"texture":"#0"},"west":{"uv":[12.5,10.0,12.0,13.0],"tintindex":0,"rotation":0,"texture":"#0"},"up":{"uv":[12.25,10.0,12.75,9.5],"tintindex":0,"rotation":0,"texture":"#0"},"down":{"uv":[12.75,9.5,13.25,10.0],"tintindex":0,"rotation":0,"texture":"#0"}},"rotation":{"origin":[14.496771,-3.8546934,21.993523],"angle":45.0,"axis":"z"}},{"from":[4.4257026,1.6305876,13.993523],"to":[10.425703,7.6305876,15.993523],"faces":{"east":{"uv":[9.375,7.625,8.875,9.125],"tintindex":0,"rotation":0,"texture":"#0"},"south":{"uv":[12.375,7.625,10.875,9.125],"tintindex":0,"rotation":0,"texture":"#0"},"north":{"uv":[9.375,7.625,10.875,9.125],"tintindex":0,"rotation":0,"texture":"#0"},"west":{"uv":[9.375,7.625,8.875,9.125],"tintindex":0,"rotation":0,"texture":"#0"},"up":{"uv":[9.375,7.625,8.875,9.125],"tintindex":0,"rotation":90,"texture":"#0"},"down":{"uv":[8.875,7.625,9.375,9.125],"tintindex":0,"rotation":90,"texture":"#0"}}},{"from":[15.2038765,5.852413,15.993523],"to":[17.203876,7.852413,20.993523],"faces":{"east":{"uv":[5.875,11.625,7.125,12.125],"tintindex":0,"rotation":0,"texture":"#0"},"south":{"uv":[8.875,11.625,9.375,12.125],"tintindex":0,"rotation":0,"texture":"#0"},"north":{"uv":[7.125,11.625,7.625,12.125],"tintindex":0,"rotation":0,"texture":"#0"},"west":{"uv":[7.625,11.625,8.875,12.125],"tintindex":0,"rotation":0,"texture":"#0"},"up":{"uv":[7.625,11.625,7.125,10.375],"tintindex":0,"rotation":0,"texture":"#0"},"down":{"uv":[8.125,10.375,7.625,11.625],"tintindex":0,"rotation":0,"texture":"#0"}},"rotation":{"origin":[17.203876,-3.1475868,16.993523],"angle":-45.0,"axis":"z"}},{"from":[12.496771,6.1453066,13.993523],"to":[18.496769,12.145307,15.993523],"faces":{"east":{"uv":[8.875,7.625,9.375,9.125],"tintindex":0,"rotation":0,"texture":"#0"},"south":{"uv":[10.875,7.625,12.375,9.125],"tintindex":0,"rotation":0,"texture":"#0"},"north":{"uv":[9.375,7.625,10.875,9.125],"tintindex":0,"rotation":0,"texture":"#0"},"west":{"uv":[8.875,7.625,9.375,9.125],"tintindex":0,"rotation":0,"texture":"#0"},"up":{"uv":[9.375,9.125,8.875,7.625],"tintindex":0,"rotation":90,"texture":"#0"},"down":{"uv":[8.875,9.125,9.375,7.625],"tintindex":0,"rotation":90,"texture":"#0"}}},{"from":[17.754738,-12.4513645,10.418303],"to":[18.754738,-11.4513645,18.418303],"faces":{"east":{"uv":[4.75,2.0,6.75,2.25],"tintindex":0,"rotation":0,"texture":"#0"},"south":{"uv":[9.0,2.0,9.25,2.25],"tintindex":0,"rotation":0,"texture":"#0"},"north":{"uv":[6.75,2.0,7.0,2.25],"tintindex":0,"rotation":0,"texture":"#0"},"west":{"uv":[7.0,2.0,9.0,2.25],"tintindex":0,"rotation":0,"texture":"#0"},"up":{"uv":[7.0,2.0,6.75,0.0],"tintindex":0,"rotation":0,"texture":"#0"},"down":{"uv":[7.25,0.0,7.0,2.0],"tintindex":0,"rotation":0,"texture":"#0"}},"rotation":{"origin":[16.754738,-8.4513645,9.918303],"angle":45.0,"axis":"z"}},{"from":[14.996771,-1.3546934,8.243523],"to":[15.996771,-0.3546934,10.243523],"faces":{"east":{"uv":[0.0,2.75,0.5,3.0],"tintindex":0,"rotation":0,"texture":"#0"},"south":{"uv":[1.25,2.75,1.5,3.0],"tintindex":0,"rotation":0,"texture":"#0"},"north":{"uv":[0.5,2.75,0.75,3.0],"tintindex":0,"rotation":0,"texture":"#0"},"west":{"uv":[0.75,2.75,1.25,3.0],"tintindex":0,"rotation":0,"texture":"#0"},"up":{"uv":[0.75,2.75,0.5,2.25],"tintindex":0,"rotation":0,"texture":"#0"},"down":{"uv":[1.0,2.25,0.75,2.75],"tintindex":0,"rotation":0,"texture":"#0"}}},{"from":[19.153625,8.216374,13.993523],"to":[25.153625,14.216374,15.993523],"faces":{"east":{"uv":[8.875,7.625,9.375,9.125],"tintindex":0,"rotation":0,"texture":"#0"},"south":{"uv":[10.875,7.625,12.375,9.125],"tintindex":0,"rotation":0,"texture":"#0"},"north":{"uv":[9.375,7.625,10.875,9.125],"tintindex":0,"rotation":0,"texture":"#0"},"west":{"uv":[8.875,7.625,9.375,9.125],"tintindex":0,"rotation":0,"texture":"#0"},"up":{"uv":[9.375,9.125,8.875,7.625],"tintindex":0,"rotation":90,"texture":"#0"},"down":{"uv":[8.875,9.125,9.375,7.625],"tintindex":0,"rotation":90,"texture":"#0"}}},{"from":[14.496771,-6.8546934,20.993523],"to":[16.496769,10.145307,22.993523],"faces":{"east":{"uv":[0.0,10.75,0.5,15.0],"tintindex":0,"rotation":0,"texture":"#0"},"south":{"uv":[1.5,10.75,2.0,15.0],"tintindex":0,"rotation":0,"texture":"#0"},"north":{"uv":[0.5,10.75,1.0,15.0],"tintindex":0,"rotation":0,"texture":"#0"},"west":{"uv":[1.0,10.75,1.5,15.0],"tintindex":0,"rotation":0,"texture":"#0"},"up":{"uv":[1.0,10.75,0.5,10.25],"tintindex":0,"rotation":0,"texture":"#0"},"down":{"uv":[1.5,10.25,1.0,10.75],"tintindex":0,