{
	"format_version": "1.8.0",
	"animations": {
		"idle": {
			"animation_length": 0.5
		},
		"spin": {
			"animation_length": 0.5,
			"bones": {
				"hat1": {
					"rotation": [27.5, 0, 0]
				},
				"hat2": {
					"rotation": [37.5, 0, 0]
				},
				"hat3": {
					"rotation": [32.5, 0, 0]
				},
				"hat4": {
					"rotation": [-45, 0, 0]
				},
				"right_arm": {
					"rotation": [0, 0, 90]
				},
				"left_arm": {
					"rotation": [0, 0, -90]
				},
				"right_leg": {
					"rotation": [0, 0, 47.5]
				},
				"left_leg": {
					"rotation": [0, 0, 15]
				},
				"all": {
					"rotation": {
						"0.0": [0, 0, 0],
						"0.05": [0, 17.61965, 0],
						"0.1": [0, 68.75388, 0],
						"0.15": [0, 148.39731, 0],
						"0.2": [0, 248.75388, 0],
						"0.25": [0, 360, 0],
						"0.3": [0, 471.24612, 0],
						"0.35": [0, 571.60269, 0],
						"0.4": [0, 651.24612, 0],
						"0.45": [0, 702.38035, 0],
						"0.5": [0, 720, 0]
					}
				}
			}
		},
		"shield": {
			"loop": "hold_on_last_frame",
			"bones": {
				"h_head": {
					"rotation": [12.5, 0, 0]
				},
				"hat1": {
					"rotation": [-60, 0, 0]
				},
				"hat2": {
					"rotation": [2.5, 0, 0]
				},
				"right_arm": {
					"rotation": [-150.0945, 2.49762, -4.33287]
				},
				"left_arm": {
					"rotation": [-150.0945, -2.49762, 4.33287]
				},
				"left_leg": {
					"rotation": [-10, 0, -17.5],
					"position": [0, -1, 4]
				},
				"right_leg": {
					"rotation": [-10, 0, 17.5],
					"position": [0, -1, 4]
				},
				"body": {
					"rotation": [52.5, 0, 0],
					"position": [0, -1, 4]
				}
			}
		},
		"pipes": {
			"loop": true,
			"animation_length": 1,
			"bones": {
				"right_arm": {
					"rotation": [-57.28223, 5.44644, -26.89882]
				},
				"left_arm": {
					"rotation": [-57.27417, 30.81943, 15.69031]
				},
				"body": {
					"rotation": {
						"0.0": [0, 0, 0],
						"0.05": [2.93893, 0, 0],
						"0.1": [4.75528, 0, 0],
						"0.15": [4.75528, 0, 0],
						"0.2": [2.93893, 0, 0],
						"0.25": [0, 0, 0],
						"0.3": [-2.93893, 0, 0],
						"0.35": [-4.75528, 0, 0],
						"0.4": [-4.75528, 0, 0],
						"0.45": [-2.93893, 0, 0],
						"0.5": [0, 0, 0],
						"0.55": [2.93893, 0, 0],
						"0.6": [4.75528, 0, 0],
						"0.65": [4.75528, 0, 0],
						"0.7": [2.93893, 0, 0],
						"0.75": [0, 0, 0],
						"0.8": [-2.93893, 0, 0],
						"0.85": [-4.75528, 0, 0],
						"0.9": [-4.75528, 0, 0],
						"0.95": [-2.93893, 0, 0],
						"1.0": [0, 0, 0]
					}
				},
				"left_leg": {
					"rotation": [0, 0, -2.5]
				},
				"right_leg": {
					"rotation": [0, 0, 2.5]
				}
			}
		},
		"doot": {
			"animation_length": 0.5,
			"bones": {
				"right_arm": {
					"rotation": [-57.28223, 5.44644, -26.89882]
				},
				"left_arm": {
					"rotation": [-57.27417, 30.81943, 15.69031]
				},
				"body": {
					"rotation": {
						"0.0": [0, 0, 0],
						"0.05": [5.87785, 0, 0],
						"0.1": [9.51057, 0, 0],
						"0.15": [9.63292, 0, 0],
						"0.2": [6.90839, 0, 0],
						"0.25": [2.5, 0, 0],
						"0.3": [-1.90839, 0, 0],
						"0.35": [-4.63292, 0, 0],
						"0.4": [-4.75528, 0, 0],
						"0.45": [-2.93893, 0, 0],
						"0.5": [0, 0, 0]
					}
				},
				"left_leg": {
					"rotation": [0, 0, -2.5]
				},
				"right_leg": {
					"rotation": [0, 0, 2.5]
				}
			}
		},
		"fly": {
			"loop": "hold_on_last_frame",
			"bones": {
				"right_arm": {
					"rotation": [-180, 0, -45]
				},
				"left_arm": {
					"rotation": [-180, 0, -315]
				},
				"left_leg": {
					"rotation": [25, 0, -2.5]
				},
				"right_leg": {
					"rotation": [25, 0, 2.5]
				}
			}
		},
		"fly_tired": {
			"loop": true,
			"animation_length": 0.75,
			"bones": {
				"right_arm": {
					"rotation": [-180, 0, -45]
				},
				"left_arm": {
					"rotation": [-180, 0, -315]
				},
				"left_leg": {
					"rotation": {
						"0.0": [25, 0, -2.5],
						"0.05": [23.77641, 0, -3.47887],
						"0.1": [20.22542, 0, -6.31966],
						"0.15": [14.69463, 0, -10.74429],
						"0.2": [7.72542, 0, -16.31966],
						"0.25": [0, 0, -22.5],
						"0.3": [-7.72542, 0, -28.68034],
						"0.35": [-14.69463, 0, -34.25571],
						"0.4": [-20.22542, 0, -38.68034],
						"0.45": [-23.77641, 0, -41.52113],
						"0.5": [-25, 0, -42.5],
						"0.55": [-20.22542, 0, -38.68034],
						"0.6": [-7.72542, 0, -28.68034],
						"0.65": [7.72542, 0, -16.31966],
						"0.7": [20.22542, 0, -6.31966],
						"0.75": [25, 0, -2.5]
					}
				},
				"right_leg": {
					"rotation": {
						"0.0": [25, 0, 2.5],
						"0.05": [23.77641, 0, 3.47887],
						"0.1": [20.22542, 0, 6.31966],
						"0.15": [14.69463, 0, 10.74429],
						"0.2": [7.72542, 0, 16.31966],
						"0.25": [0, 0, 22.5],
						"0.3": [-7.72542, 0, 28.68034],
						"0.35": [-14.69463, 0, 34.25571],
						"0.4": [-20.22542, 0, 38.68034],
						"0.45": [-23.77641, 0, 41.52113],
						"0.5": [-25, 0, 42.5],
						"0.55": [-20.22542, 0, 38.68034],
						"0.6": [-7.72542, 0, 28.68034],
						"0.65": [7.72542, 0, 16.31966],
						"0.7": [20.22542, 0, 6.31966],
						"0.75": [25, 0, 2.5]
					}
				},
				"h_head": {
					"rotation": {
						"0.0": [25, 0, 0],
						"0.05": [23.77641, 0, 0],
						"0.1": [20.22542, 0, 0],
						"0.15": [14.69463, 0, 0],
						"0.2": [7.72542, 0, 0],
						"0.25": [0, 0, 0],
						"0.3": [-7.72542, 0, 0],
						"0.35": [-14.69463, 0, 0],
						"0.4": [-20.22542, 0, 0],
						"0.45": [-23.77641, 0, 0],
						"0.5": [-25, 0, 0],
						"0.55": [-20.22542, 0, 0],
						"0.6": [-7.72542, 0, 0],
						"0.65": [7.72542, 0, 0],
						"0.7": [20.22542, 0, 0],
						"0.75": [25, 0, 0]
					}
				}
			}
		},
		"get_item": {
			"loop": "hold_on_last_frame",
			"animation_length": 0.5,
			"bones": {
				"body": {
					"rotation": {
						"0.25": [12.5, 0, 0],
						"0.5": [-5, 0, 7.5]
					}
				},
				"h_head": {
					"rotation": {
						"0.25": [20, 0, 0],
						"0.5": [-20, 0, 0]
					}
				},
				"right_arm": {
					"rotation": {
						"0.25": [-41.57337, -19.05681, -20.20848],
						"0.5": [-180, 0, -15]
					}
				},
				"left_arm": {
					"rotation": {
						"0.25": [-42.18626, 17.38772, 18.2489],
						"0.5": [-44.56145, -7.05302, -7.10708]
					}
				},
				"left_leg": {
					"rotation": {
						"0.25": [0, 0, 0],
						"0.5": [0, 0, -2.5]
					}
				},
				"right_leg": {
					"rotation": {
						"0.25": [0, 0, 0],
						"0.5": [0, 0, 2.5]
					}
				}
			}
		},
		"run": {
			"loop": true,
			"animation_length": 2,
			"bones": {
				"bone": {
					"rotation": {
						"0.0": [0, 0, 0],
						"0.05": [-4.54, 0, 0],
						"0.1": [-8.09, 0, 0],
						"0.15": [-9.877, 0, 0],
						"0.2": [-9.511, 0, 0],
						"0.25": [-7.071, 0, 0],
						"0.3": [-3.09, 0, 0],
						"0.35": [1.564, 0, 0],
						"0.4": [5.878, 0, 0],
						"0.45": [8.91, 0, 0],
						"0.5": [10, 0, 0],
						"0.55": [8.91, 0, 0],
						"0.6": [5.878, 0, 0],
						"0.65": [1.564, 0, 0],
						"0.7": [-3.09, 0, 0],
						"0.75": [-7.071, 0, 0],
						"0.8": [-9.511, 0, 0],
						"0.85": [-9.877, 0, 0],
						"0.9": [-8.09, 0, 0],
						"0.95": [-4.54, 0, 0],
						"1.0": [0, 0, 0],
						"1.05": [4.54, 0, 0],
						"1.1": [8.09, 0, 0],
						"1.15": [9.877, 0, 0],
						"1.2": [9.511, 0, 0],
						"1.25": [7.071, 0, 0],
						"1.3": [3.09, 0, 0],
						"1.35": [-1.564, 0, 0],
						"1.4": [-5.878, 0, 0],
						"1.45": [-8.91, 0, 0],
						"1.5": [-10, 0, 0],
						"1.55": [-8.91, 0, 0],
						"1.6": [-5.878, 0, 0],
						"1.65": [-1.564, 0, 0],
						"1.7": [3.09, 0, 0],
						"1.75": [7.071, 0, 0],
						"1.8": [9.511, 0, 0],
						"1.85": [9.877, 0, 0],
						"1.9": [8.09, 0, 0],
						"1.95": [4.54, 0, 0],
						"2.0": [0, 0, 0]
					},
					"position": {
						"0.0": [0, 0, 0],
						"0.05": [0, -0.103, 0],
						"0.1": [0, -0.327, 0],
						"0.15": [0, -0.488, 0],
						"0.2": [0, -0.214, 0],
						"0.25": [0, 1, 0],
						"0.3": [0, 2.214, 0],
						"0.35": [0, 2.427, 0],
						"0.4": [0, 1.464, 0],
						"0.45": [0, 0.118, 0],
						"0.5": [0, -0.5, 0],
						"0.55": [0, -0.397, 0],
						"0.6": [0, -0.173, 0],